Type,Structure,Binding Site 000,Binding Site 001,Binding Site 002,Binding Site 003,Binding Site 004
bound,4A0J.B,14,14,6,8,3
bound,4A0I.B,24,13,7,4,2
bound,6YIH.A,15,19,15,8,11
bound,3UED.C,22,15,14,11,2
unbound,3UEI.B,24,20,14,7,8
bound,7LBP.C,21,14,15,9,5
unbound,3UEI.A,19,14,14,10,6
bound,1E31.A,22,20,13,13,0
unbound,6SHO.A,21,19,9,8,0
bound,7LBO.B,21,14,9,8,8
bound,7LBP.A,25,13,14,6,3
bound,3UIH.B,18,16,16,13,2
bound,4A0J.A,17,10,6,7,3
bound,3UIK.B,16,14,6,22,1
unbound,6YIE.D,23,15,16,2,0
unbound,1E31.B,19,17,11,11,15
unbound,1F3H.B,24,12,20,8,0
unbound,3UEH.A,26,18,15,10,5
bound,3UII.A,16,13,16,10,0
unbound,3UEG.B,22,13,16,7,9
bound,4A0N.A,19,13,15,15,0
bound,3UEF.A,22,14,13,3,2
bound,3UEC.A,21,19,14,13,6
bound,7LBO.A,21,12,11,9,6
unbound,2RAW.A,21,26,11,10,0
bound,3UEE.C,26,14,14,9,0
bound,3UIJ.A,16,11,7,16,4
bound,3UEF.C,18,14,14,5,10
unbound,6YIE.A,20,22,12,12,6
unbound,3UEH.B,20,14,15,9,4
bound,7LBK.A,27,12,11,11,10
unbound,3UEG.A,23,12,15,12,0
bound,3UEE.A,22,12,18,12,0
bound,4A0I.A,28,13,7,7,7
bound,3UIK.A,19,13,13,10,6
unbound,2QFA.A,20,21,16,7,8
bound,3UII.B,14,12,17,13,0
bound,7LBK.B,27,18,11,9,7
bound,6YIF.A,20,19,15,5,10
bound,3UIH.A,13,12,11,8,0
bound,7LBQ.A,20,11,17,11,3
bound,3UIG.B,20,9,18,7,6
bound,3UIJ.B,20,18,8,6,13
bound,3UED.A,26,13,15,8,5
unbound,6SHO.B,24,15,8,11,0
bound,3UIG.A,16,13,15,9,2
unbound,1F3H.A,25,13,16,10,0