Kind,Structure,Binding Site 000,Binding Site 001,Binding Site 002,Binding Site 003,Binding Site 004,Binding Site 005,Binding Site 006,Binding Site 007,Binding Site 008,Binding Site 009,Binding Site 010,Binding Site 011,Binding Site 012,Binding Site 013
bound,6OB3.A,17,11,5,5,11,6,0,0,0,0,1,0,0,0
bound,6CU6.B,14,18,1,0,10,6,0,0,0,0,0,0,0,0
bound,6GQX.E,8,4,15,16,14,9,0,0,0,2,0,0,12,1
unbound,6YR8.A,27,0,11,12,2,14,11,0,0,0,0,0,1,0
bound,3GFT.F,10,17,6,5,16,14,0,0,0,0,0,0,0,0
unbound,4TQ9.A,25,8,18,17,0,8,0,0,0,0,0,1,0,0
bound,5OCO.A,22,3,14,12,10,7,0,0,0,0,0,0,2,0
bound,5OCG.A,13,18,14,0,9,5,8,0,0,0,0,0,0,0
unbound,5VQ8.B,17,2,14,11,15,10,8,0,0,0,0,2,1,0
unbound,6WS2.C,15,7,3,2,12,6,20,0,0,0,0,0,2,0
bound,4NMM.A,23,3,9,15,0,7,0,0,0,0,0,2,0,0
unbound,6M9W.A,0,15,2,4,14,11,0,2,1,19,0,0,14,14
unbound,4EPY.A,15,4,9,15,0,6,0,0,0,0,0,2,0,0
bound,7EWA.A,13,8,16,15,6,0,0,0,0,0,0,15,0,0
bound,7EWA.B,20,0,18,13,8,4,0,0,0,0,0,14,0,0
bound,5V9O.A,13,0,21,9,11,5,0,0,0,0,0,10,1,0
unbound,4TQ9.B,13,3,19,18,0,9,0,0,0,0,0,2,0,0
bound,6GOG.E,22,0,11,11,10,5,0,0,0,0,0,0,7,0
bound,6F76.C,13,17,0,1,7,10,0,0,0,0,0,0,8,0
unbound,7W5R.U,24,6,14,3,6,13,4,0,0,0,0,2,2,0
bound,6CCH.B,16,19,7,0,9,4,8,0,7,0,0,0,0,0
unbound,4EPW.A,11,13,8,13,0,6,0,0,0,0,0,0,0,0
bound,6V6F.C,26,5,2,0,3,12,4,0,0,0,0,0,2,0
bound,6VJJ.A,16,21,3,7,4,7,0,0,0,0,0,0,0,0
bound,6GQW.A,13,3,3,6,10,9,0,0,0,0,0,0,0,0
bound,6QUU.B,18,5,3,8,6,7,4,0,0,0,0,0,0,1
bound,6ZLI.A,26,0,2,7,2,4,7,0,16,9,0,0,0,0
bound,7YCC.A,23,0,15,7,14,2,5,8,0,0,0,2,0,0
bound,6GOM.C,16,0,0,6,14,9,0,0,0,0,2,0,13,0
bound,5V71.C,14,7,15,6,12,4,0,0,0,0,0,2,0,0
bound,6OB2.A,15,5,1,2,3,14,4,2,0,0,0,0,0,0
unbound,6MQN.A,13,3,8,18,16,18,0,0,0,0,0,0,4,0
unbound,7KFZ.A,16,12,10,12,7,7,0,23,0,0,16,0,1,0
unbound,6YXW.C,24,5,15,6,0,9,6,0,0,0,0,13,0,0
unbound,7W5R.I,14,9,13,8,6,7,0,0,0,0,0,2,7,0
bound,7EWB.A,16,15,18,11,5,1,0,0,0,0,0,11,2,0
bound,3GFT.E,28,14,10,8,13,11,0,0,0,0,0,2,0,0
bound,5USJ.A,22,8,4,4,4,10,0,0,0,0,0,0,11,0
bound,6GQT.D,16,3,3,8,15,13,0,1,0,0,0,0,11,0
bound,5V9L.C,17,13,15,5,9,4,5,0,0,0,0,0,0,0
bound,6FA2.A,18,7,10,5,7,6,0,0,0,0,0,0,2,0
bound,3GFT.B,21,9,9,3,12,10,0,0,0,0,0,0,1,0
bound,6FA3.B,19,3,13,13,9,5,0,0,0,1,0,0,0,1
bound,7ACH.B,25,0,5,7,11,11,0,0,0,0,0,0,0,0
bound,5V71.F,22,7,19,5,8,3,13,0,0,0,0,2,0,0
bound,6QUX.B,25,0,4,8,13,9,0,0,0,0,0,0,0,0
bound,6O36.C,13,4,15,18,12,9,0,0,0,0,0,0,0,0
bound,6PTS.B,15,17,3,0,5,8,9,0,0,0,0,0,0,0
bound,6FA1.B,24,2,12,8,8,8,0,0,0,0,0,0,0,0
bound,6FA3.E,15,6,6,7,10,6,0,0,0,1,0,0,1,1
bound,6GQY.B,15,2,9,7,11,9,0,0,0,0,0,0,0,0
bound,7MDP.A,24,9,12,10,4,6,3,0,0,0,0,11,0,0
bound,7ROV.B,19,15,16,12,3,8,0,0,0,0,0,1,7,0
bound,7ACF.A,20,5,10,3,10,11,0,0,0,0,0,0,0,0
bound,6W4E.C,12,12,1,7,10,11,11,0,0,0,0,0,3,0
bound,5OCT.C,18,3,0,6,10,12,0,0,0,0,0,0,0,0
unbound,5US4.A,24,0,11,3,11,11,3,11,0,0,0,0,0,0
bound,6F76.E,21,7,13,9,9,10,0,0,0,0,0,0,13,0
bound,6FA2.D,14,2,0,5,10,12,0,0,0,0,0,0,0,0
bound,7A47.C,22,0,2,5,11,5,2,11,0,0,7,0,1,2
bound,6FA3.C,19,4,13,13,10,7,0,0,0,2,0,1,0,2
bound,6O46.B,15,6,18,19,5,8,0,0,0,0,0,0,0,0
bound,5VQ6.B,19,0,15,10,14,10,6,0,0,0,0,0,2,0
bound,6FA1.A,23,8,5,1,10,11,0,0,0,0,0,6,0,0
bound,5UK9.B,18,8,6,14,0,12,0,0,0,0,0,0,1,0
bound,7A1Y.A,22,8,0,4,14,9,0,0,0,0,0,0,2,0
unbound,4WA7.A,24,6,15,10,14,12,0,0,0,0,0,0,2,0
unbound,6WS2.A,15,4,14,9,12,4,17,0,0,0,0,2,1,0
bound,6GQT.E,27,5,3,7,10,4,0,0,0,0,0,0,9,0
bound,5OCT.F,16,3,3,5,10,13,0,0,0,0,0,0,0,0
bound,6GQX.C,22,0,3,7,11,9,0,0,0,1,0,0,0,1
unbound,7LGI.A,21,4,15,13,0,8,0,0,0,0,0,1,1,0
bound,6F76.F,22,9,5,5,10,9,0,0,0,1,0,4,1,2
bound,5KYK.B,17,3,12,11,0,8,10,0,0,0,0,1,0,0
bound,6QUV.A,14,0,2,6,7,10,6,0,4,2,0,0,10,0
bound,6GQY.F,17,6,4,4,11,12,0,0,0,0,0,0,0,0
bound,6FA4.C,20,0,4,5,13,9,0,0,0,1,0,1,0,2
bound,6FA4.B,23,2,16,10,9,7,0,0,0,1,0,0,0,2
bound,6GOM.A,18,7,12,12,8,4,0,0,0,2,0,1,7,0
unbound,7EW9.C,20,20,1,2,11,3,0,1,0,0,0,0,2,0
unbound,5TB5.A,0,9,0,11,14,2,23,10,0,0,0,0,0,0
bound,6MS9.A,10,14,6,16,16,12,2,0,0,0,0,0,4,0
unbound,6MBU.B,13,2,17,10,11,13,0,0,0,0,0,0,1,0
bound,6GJ8.A,22,7,2,2,7,14,4,0,0,0,0,0,4,0
unbound,6WS2.D,16,5,0,1,12,8,18,0,0,0,0,0,2,0
bound,6GQW.D,21,2,0,7,13,12,0,0,0,0,0,0,2,0
bound,6GQT.C,11,0,10,10,12,8,0,1,0,0,3,0,0,1
unbound,4EPX.A,24,9,8,13,0,6,0,0,0,0,0,0,0,0
bound,5OCT.E,21,2,6,3,12,9,0,0,0,0,0,0,1,0
bound,5VQ6.A,24,0,16,11,15,9,6,0,0,0,0,0,2,0
unbound,4DSU.A,21,15,1,5,9,3,11,2,0,0,0,0,0,0
bound,5USJ.E,16,4,2,0,11,10,3,0,0,0,0,0,7,0
unbound,5VQ8.A,29,3,13,11,15,9,3,0,0,0,0,4,1,0
bound,6FA3.D,14,9,3,4,6,10,0,0,0,1,0,0,1,3
bound,6MTA.A,21,16,11,3,9,7,0,0,0,0,0,0,1,0
bound,6GOD.A,17,17,4,5,8,4,13,0,0,0,0,0,0,0
unbound,7W5R.E,28,4,18,14,13,9,0,0,0,0,0,3,2,0
unbound,5W22.B,25,18,9,2,13,6,3,0,0,0,0,0,0,0
bound,6GQX.D,11,22,8,9,6,12,0,0,0,0,0,0,11,0
bound,2MSC.B,21,27,14,7,0,5,3,0,0,0,0,2,0,0
bound,7ACF.B,18,4,6,4,11,10,0,0,0,0,0,0,1,0
bound,6PTW.B,25,11,3,4,3,6,0,0,6,0,0,0,0,0
unbound,6BOF.A,0,14,0,0,14,16,0,0,2,21,0,0,10,12
bound,6GQT.B,20,8,10,9,8,5,0,0,0,0,0,0,0,0
unbound,4OBE.B,14,2,17,17,0,11,0,0,0,0,0,4,0,0
bound,7LC1.A,15,3,0,4,3,13,0,6,0,0,0,0,0,0
bound,5OCO.C,24,0,17,12,11,6,0,0,0,0,0,0,6,0
bound,6GQW.F,22,3,1,4,14,10,0,0,0,0,0,0,0,0
bound,5USJ.B,20,3,16,3,10,14,0,0,0,0,0,2,6,0
bound,6O46.A,14,3,13,14,10,9,3,0,0,0,0,1,11,0
bound,6GOG.C,19,2,13,12,10,3,0,0,0,0,0,0,4,0
bound,6MS9.B,2,19,15,15,15,15,2,0,0,0,0,0,3,0
bound,6GQY.D,18,6,2,5,11,11,0,1,0,0,0,0,0,0
bound,6GQX.F,11,8,12,12,15,13,0,0,0,1,0,0,0,1
bound,5V71.B,22,11,14,4,9,4,0,0,0,0,0,0,0,0
bound,5V9L.A,15,10,18,6,7,4,5,0,0,0,0,0,0,0
bound,6ZLI.B,16,0,2,9,12,7,4,0,0,0,0,0,0,0
unbound,7C41.J,19,14,13,4,9,6,4,0,0,0,0,4,0,0
unbound,6YXW.A,24,1,14,8,3,6,9,0,0,0,0,11,1,0
bound,6GOG.A,21,3,5,6,12,9,0,0,0,0,0,0,11,0
bound,7ACA.D,16,18,9,11,2,7,0,0,0,0,0,1,11,0
bound,6FA3.A,12,10,10,11,0,8,0,0,0,0,0,6,0,2
bound,7ACA.C,23,2,15,14,2,15,0,0,0,0,0,0,4,0
bound,6GQY.A,26,7,14,9,2,7,0,0,0,0,0,1,0,0
bound,7EWB.B,23,14,16,13,6,2,0,0,0,0,0,13,1,0
unbound,5UQW.B,19,6,18,8,11,8,0,0,0,0,0,0,1,0
bound,6GOG.F,21,7,10,10,9,7,0,0,0,0,0,0,0,0
unbound,6MBT.A,24,7,16,16,0,7,0,0,0,0,0,0,0,0
bound,5USJ.F,14,9,7,0,15,10,2,0,0,0,0,0,0,0
unbound,5UQW.A,22,8,17,9,13,6,6,0,0,0,0,1,1,0
bound,6MTA.B,20,16,5,5,14,8,0,0,0,0,0,0,0,0
bound,7ACA.A,19,17,5,1,9,13,0,0,0,0,0,0,2,0
unbound,4LPK.B,23,2,11,9,12,9,3,0,0,0,0,1,2,0
unbound,6MQG.A,2,19,0,0,16,10,0,1,14,19,0,0,11,13
bound,6GOM.D,18,10,0,5,7,11,0,1,0,0,2,0,0,0
bound,6CU6.C,2,15,18,12,15,16,0,0,0,0,0,8,1,0
bound,7A1W.A,17,0,2,15,9,9,0,0,0,0,0,0,0,0
unbound,6ZL5.A,15,3,7,10,14,15,2,6,0,0,0,0,0,0
bound,6GOG.B,22,6,16,10,10,5,0,0,0,0,0,1,0,0
unbound,4LDJ.A,20,11,11,14,0,5,0,0,0,0,0,1,0,0
bound,6XHB.A,14,2,3,4,0,10,9,0,0,0,0,0,1,0
bound,6MNX.B,14,0,6,6,13,10,0,0,0,0,0,0,2,0
bound,7W5R.A,28,12,19,8,12,4,0,0,0,0,0,0,0,0
bound,7ACH.A,14,0,6,0,7,7,9,0,15,8,0,0,7,0
bound,6V65.C,27,4,3,0,4,12,0,0,0,0,0,0,5,0
bound,4DST.A,13,17,8,9,0,3,7,0,0,1,0,0,0,1
bound,6BP1.A,17,5,2,14,10,9,3,10,0,0,0,0,0,0
bound,5VQ2.A,16,0,15,7,13,11,3,0,0,0,0,0,0,0
bound,7LC2.A,14,10,3,1,11,9,0,5,0,0,0,0,0,0
bound,6GJ5.B,34,18,8,7,0,10,0,0,0,0,0,0,0,0
bound,7LC2.B,14,0,11,6,7,10,7,3,0,0,0,0,7,0
bound,6F76.D,14,9,0,0,11,11,0,0,0,1,0,0,1,1
bound,6FA2.C,22,3,12,13,7,6,0,0,0,0,0,3,0,0
unbound,7C41.A,25,0,13,6,11,5,6,0,0,0,0,2,0,0
unbound,6ASA.A,13,10,8,11,14,8,6,14,0,0,0,0,0,0
bound,6MNX.C,15,0,6,1,13,16,12,0,0,0,0,0,6,0
bound,6GJ7.A,15,11,4,0,12,12,6,0,0,0,0,0,1,0
bound,6FA2.E,22,6,0,3,15,3,0,0,0,0,0,0,0,0
unbound,5XCO.A,14,6,25,12,8,6,7,0,0,0,0,1,0,0
unbound,7W5R.Q,16,10,14,2,5,9,0,0,0,0,0,0,2,0
bound,7EWA.C,7,4,15,5,14,13,23,0,0,0,0,1,1,0
bound,6FA1.D,24,10,5,7,8,9,0,0,0,0,0,0,0,0
bound,7EW9.A,18,0,15,12,9,2,0,0,0,0,0,9,4,0
bound,6GOE.A,14,16,3,1,9,7,8,0,0,0,0,0,2,0
unbound,6WS4.D,14,9,2,1,12,6,21,0,0,0,0,2,0,0
unbound,5W22.A,25,17,6,3,13,7,6,0,0,0,0,0,1,0
bound,6O46.C,13,0,1,10,16,10,0,0,0,0,0,0,0,0
unbound,4QL3.A,14,7,13,13,0,5,0,0,0,0,1,1,0,0
bound,6F76.A,24,4,14,10,0,8,0,0,0,1,0,7,1,2
bound,6GOM.B,19,2,14,8,10,3,0,0,0,0,0,0,0,0
bound,6VC8.A,15,7,19,14,8,9,0,0,0,0,0,5,2,0
bound,6GQY.E,20,8,1,4,14,7,0,0,0,0,0,0,0,0
bound,5USJ.C,24,0,2,3,14,12,0,0,0,0,0,0,0,0
bound,6QUW.B,14,3,5,8,7,9,2,0,0,0,0,0,0,0
bound,6GQX.B,17,2,6,8,13,9,0,0,0,1,0,0,0,2
unbound,6P0Z.B,16,0,18,16,0,8,0,0,0,0,0,0,0,0
unbound,4L8G.A,18,10,17,11,12,6,0,0,0,0,0,1,0,0
bound,7KFZ.C,17,17,4,5,3,11,0,0,0,0,0,0,2,0
bound,4DSN.A,26,19,12,6,3,3,9,0,0,0,0,0,0,0
unbound,5US4.B,18,2,8,2,12,10,0,6,0,0,0,0,0,0
bound,5OCO.D,13,2,6,7,9,9,0,0,0,0,0,0,0,0
bound,7RSE.B,17,6,11,4,6,10,3,3,0,0,2,0,1,1
bound,5UFE.A,12,0,17,12,0,5,0,1,0,0,0,0,0,0
unbound,7T1F.B,15,5,1,3,15,9,0,0,0,0,0,0,1,0
unbound,4EPR.A,22,0,6,1,16,11,2,0,0,0,0,6,1,0
bound,5V9L.B,20,11,16,8,10,4,0,0,0,0,0,0,1,0
bound,5OCO.F,21,3,10,7,11,9,0,0,0,0,0,0,0,0
bound,6GOM.F,24,5,10,11,14,11,0,0,0,0,0,0,0,0
bound,6MNX.A,16,4,6,7,13,10,0,0,0,0,0,0,2,0
unbound,7MQU.A,20,12,14,12,0,8,0,0,0,0,0,0,0,0
bound,6FA3.F,19,4,13,12,10,6,0,0,0,1,0,0,0,2
unbound,6MQN.B,2,19,22,17,14,13,0,0,0,0,0,0,4,0
bound,5OCT.B,24,6,14,14,10,11,0,0,0,0,0,2,0,0
bound,6FA4.A,20,4,11,9,2,5,2,0,0,0,0,0,0,4
bound,6FA2.F,12,7,10,11,15,13,0,0,0,0,0,0,2,0
bound,7EWB.C,22,0,15,12,7,3,0,0,0,0,0,12,0,0
bound,7ROV.A,19,12,12,11,10,12,3,0,0,0,0,0,3,0
bound,6XGV.A,20,3,7,11,6,10,0,0,0,0,0,0,4,0
bound,6W4F.C,17,15,0,0,12,2,6,1,0,0,0,0,1,0
bound,4DSO.A,15,19,2,1,8,4,14,0,0,0,0,0,0,0
bound,6FA1.F,22,5,14,11,10,9,0,0,0,0,0,0,0,0
unbound,2MSD.B,11,24,4,0,0,2,13,0,9,1,0,0,0,0
bound,5V71.A,17,6,16,6,11,5,0,0,0,0,0,0,0,0
unbound,4EPT.A,18,0,14,8,8,6,0,0,0,0,0,8,1,0
bound,5V71.D,20,12,15,8,8,6,0,0,0,0,0,0,0,0
bound,6XI7.A,19,4,9,6,12,9,0,0,0,0,0,0,0,0
unbound,7W5R.M,27,10,13,5,14,7,3,0,0,0,0,0,0,0
unbound,7TLK.B,26,15,13,7,11,9,0,0,0,0,0,1,1,0
bound,7LC1.C,20,0,3,10,11,5,9,0,0,0,0,0,0,0
bound,6FA2.B,17,2,4,3,12,10,0,0,0,0,0,0,1,0
unbound,7C41.M,17,16,14,3,11,5,0,0,0,0,0,3,0,0
unbound,6BOF.B,0,12,6,0,13,10,0,1,13,22,0,0,12,16
unbound,6MBU.A,21,18,15,8,10,8,3,0,0,0,0,1,0,0
unbound,7NY8.A,22,3,15,1,13,9,0,0,0,0,0,0,10,0
bound,6FA4.F,23,5,10,10,10,7,0,0,0,2,0,0,0,2
bound,6QUW.A,21,0,2,0,3,8,9,0,15,7,0,0,11,0
unbound,4TQA.A,27,2,16,16,0,9,0,0,0,0,0,1,0,0
bound,6MTA.C,3,11,14,12,16,15,0,0,0,0,0,0,5,0
unbound,7ACQ.A,19,0,4,6,14,11,0,0,0,0,1,0,0,0
unbound,7TLK.A,14,12,18,12,11,0,0,0,0,0,1,5,0,0
bound,6GOG.D,22,15,10,10,10,5,0,0,0,0,0,1,10,0
bound,6FA4.E,21,0,4,6,10,3,0,0,0,2,0,1,9,4
bound,6GJ6.A,17,3,6,7,11,8,0,0,0,0,0,0,0,0
bound,7ACF.D,14,7,13,12,4,6,0,0,0,0,0,0,0,0
unbound,5TB5.C,7,0,5,9,13,10,24,0,0,0,0,0,0,0
unbound,4EPV.A,14,9,11,14,0,6,0,0,0,0,0,1,0,0
bound,7EW9.B,26,15,17,13,6,2,0,0,0,0,0,15,0,0
bound,3GFT.C,8,0,10,11,13,9,9,0,0,0,0,1,9,0
bound,6CC9.B,14,21,14,9,2,0,0,0,0,0,0,9,0,0
unbound,4LPK.A,15,0,16,11,15,10,0,0,0,0,0,0,1,0
bound,6MNX.E,17,15,0,7,15,8,0,0,0,0,0,0,1,0
unbound,6ASE.A,11,7,4,9,6,11,5,10,0,1,0,8,1,0
unbound,7A1X.A,18,13,0,15,0,6,2,0,0,0,0,0,0,0
bound,5USJ.D,16,3,11,11,7,11,0,0,0,0,0,2,4,1
unbound,4TQA.B,15,8,17,16,0,7,0,0,0,0,0,1,0,0
bound,6MQN.C,8,7,12,7,14,13,7,0,0,0,13,0,3,0
unbound,7T1F.C,12,3,13,9,13,8,0,0,0,0,0,0,0,0
unbound,6V5L.A,18,2,9,10,3,4,0,0,0,0,0,0,0,0
bound,7ACA.B,14,0,4,0,2,13,2,0,0,0,0,0,13,0
unbound,6P0Z.A,16,4,17,16,0,10,0,0,0,0,0,0,0,0
unbound,7NY8.B,16,0,18,2,13,8,0,0,0,0,0,0,7,0
unbound,6WS2.B,14,3,11,7,12,6,20,0,0,0,0,4,1,0
bound,2MSE.B,24,15,13,8,2,3,15,0,0,0,0,0,0,0
bound,6GQY.C,23,2,4,7,7,12,0,0,0,0,0,0,0,0
unbound,7C41.G,27,2,18,5,13,10,3,0,0,0,0,0,0,0
bound,7RSC.B,13,12,3,7,16,8,0,0,0,0,0,0,1,0
bound,6XGU.A,15,2,4,7,4,9,0,0,0,0,0,0,1,0
bound,5V71.E,25,17,16,5,6,4,0,0,0,0,0,2,0,0
bound,3GFT.D,16,2,14,8,15,15,8,0,0,0,0,0,0,0
bound,7ACF.C,28,3,17,12,3,5,0,0,0,0,0,0,0,0
bound,6OB3.C,25,0,6,6,0,11,7,0,0,0,0,0,0,0
bound,5OCT.A,20,4,9,12,11,7,0,0,0,0,0,0,0,0
unbound,5UK9.A,15,10,7,1,14,9,0,0,0,0,0,0,0,0
bound,6CCX.B,14,20,7,2,3,8,10,0,0,0,0,0,0,0
bound,6QUU.A,25,0,3,4,6,7,4,0,17,13,0,0,7,0
bound,6MNX.F,18,4,11,11,11,12,0,0,0,0,0,2,0,0
bound,6MNX.D,26,3,5,8,2,13,5,0,0,0,0,0,2,0
bound,5OCO.B,22,2,17,9,11,7,0,0,0,0,0,0,0,0
bound,5OCO.E,12,0,3,14,6,5,0,0,0,0,0,0,12,0
unbound,7T1F.A,23,3,8,3,12,8,13,0,0,0,0,0,0,0
bound,6GQX.A,23,0,15,11,7,7,0,0,0,2,0,2,0,0
bound,6XHA.A,21,4,3,4,14,5,0,3,0,0,0,0,0,0
bound,5KYK.C,16,3,14,13,0,6,10,0,0,0,0,4,0,0
unbound,6WS4.C,14,11,2,1,11,6,15,0,0,0,0,0,1,0
bound,3GFT.A,21,8,5,1,12,10,0,0,0,0,0,0,1,0
bound,5VQ2.B,19,2,15,6,11,12,1,0,0,0,0,0,1,0
bound,5OCT.D,16,0,0,5,12,11,0,0,0,0,0,0,0,0
unbound,7ACQ.C,21,0,17,13,11,7,3,0,0,0,0,0,0,0
bound,6FA1.C,21,3,8,9,11,10,0,0,0,0,0,0,0,0
bound,5KYK.A,12,0,16,16,0,4,16,1,0,0,1,0,0,0
bound,6VC8.C,6,15,13,8,14,18,0,0,0,0,0,2,5,0
bound,6GQW.B,14,2,3,5,11,11,0,0,0,0,0,0,1,0
bound,6GQT.F,8,7,10,11,16,12,0,0,0,1,1,0,0,1
unbound,7KYZ.A,8,0,12,4,0,6,23,0,14,0,0,6,0,0
unbound,7KMR.A,0,29,18,4,11,4,1,0,0,18,0,0,7,9
bound,7YCC.B,20,0,19,7,9,4,6,0,0,0,0,4,0,0
bound,6GOM.E,16,7,1,5,14,4,0,0,0,0,0,0,1,0
unbound,6MBT.B,24,0,17,17,0,9,0,0,0,0,1,1,0,0
bound,6F76.B,26,20,12,4,6,7,0,0,0,0,0,0,1,1
bound,7A47.E,21,2,10,8,3,8,0,10,0,0,8,0,2,2
unbound,4OBE.A,22,5,19,19,0,5,0,0,0,0,0,1,0,0
unbound,7C40.A,20,16,10,9,12,2,0,0,0,0,0,4,0,0
bound,6WS4.B,14,8,16,10,13,3,8,0,0,0,1,4,0,0
unbound,7ACQ.B,18,2,3,6,13,9,5,0,0,0,0,0,0,0
bound,6QUX.A,20,0,2,0,0,6,7,0,14,5,0,0,8,0
bound,6GQW.C,12,2,0,5,7,10,0,0,0,0,0,0,10,0
bound,6QUV.B,13,4,7,8,12,10,0,0,0,0,0,0,0,0
unbound,6MS9.C,1,6,22,19,13,14,2,0,0,0,0,0,1,0
bound,6FA4.D,27,3,2,4,9,11,0,0,0,3,0,1,2,2
bound,6GQT.A,15,7,12,11,7,9,0,0,0,0,0,0,0,1
bound,6VC8.B,21,3,6,5,14,11,0,0,0,0,0,0,2,0
bound,6CU6.A,14,11,5,19,12,5,0,0,0,0,0,5,0,0
bound,7A47.A,20,0,2,9,8,7,0,10,0,0,9,0,1,2
bound,6FA1.E,11,8,1,9,10,7,0,0,0,0,0,0,0,0
bound,7SCW.A,22,11,8,2,0,9,0,0,0,0,0,0,13,0
unbound,6WS4.A,14,6,17,11,15,5,5,0,0,0,0,5,0,0
unbound,5TAR.A,13,21,3,2,12,6,16,13,0,0,0,0,0,1