Kind,Structure,Binding Site 000,Binding Site 001,Binding Site 002,Binding Site 003,Binding Site 004,Binding Site 005,Binding Site 006,Binding Site 007
bound,3PGH.D,15,14,12,0,7,0,0,5
bound,4RUT.C,13,12,9,15,7,5,0,2
unbound,5JVY.B,19,11,13,4,2,8,0,3
bound,4FM5.C,23,14,9,4,9,0,2,3
unbound,5COX.C,22,17,11,0,10,0,0,2
bound,4Z0L.B,20,15,9,20,4,5,0,0
bound,4RUT.D,21,10,9,11,5,4,0,0
bound,3MDL.B,23,10,9,9,7,1,0,0
bound,4PH9.B,19,13,14,0,10,0,2,0
bound,4RRX.A,21,20,8,2,5,0,3,1
bound,5FDQ.A,20,13,14,2,5,0,0,5
bound,3NTB.B,22,15,12,3,2,0,2,5
bound,1DDX.D,24,13,12,1,5,0,2,5
bound,4RRZ.B,28,16,14,1,5,0,0,0
bound,6BL4.A,22,16,10,3,7,0,6,0
bound,3RR3.D,20,7,10,3,13,0,5,5
bound,4FM5.A,14,8,9,3,10,0,3,3
bound,3TZI.A,15,11,7,11,6,6,2,0
bound,3PGH.A,17,14,12,1,8,0,1,7
bound,6OFY.B,19,13,7,11,8,1,0,0
bound,4COX.D,15,16,9,3,11,0,9,6
bound,3OLT.B,15,14,9,14,6,3,0,2
bound,1CX2.C,21,12,10,4,12,0,0,7
bound,4RRW.B,28,16,14,1,5,0,0,0
bound,1CX2.D,12,10,9,6,11,0,0,7
bound,3HS7.A,17,8,10,2,6,0,0,0
bound,3MQE.D,26,12,9,6,8,0,0,0
bound,5W58.A,26,8,8,3,8,0,4,0
bound,5JVZ.A,16,9,14,5,11,0,0,0
bound,3LN0.C,16,15,7,2,7,0,6,8
bound,3TZI.B,23,14,6,15,9,4,0,3
bound,5JW1.A,17,13,9,4,4,9,0,0
bound,4RS0.A,13,16,13,3,5,0,1,0
bound,6BL3.C,19,13,11,3,4,0,2,0
bound,3KRK.A,26,13,9,0,7,0,0,3
bound,1DDX.C,24,13,13,0,7,0,2,5
bound,4RRZ.C,28,13,15,2,3,0,0,2
bound,1PXX.D,14,16,10,3,8,0,0,5
bound,3NTG.C,15,18,7,4,5,0,2,0
bound,6BL4.D,13,11,10,2,4,0,10,0
bound,6V3R.B,23,16,6,15,11,2,0,0
bound,4COX.C,21,14,10,0,12,0,7,4
bound,1DDX.B,23,16,10,2,5,0,3,4
unbound,4RRY.B,20,7,15,3,6,0,0,3
bound,4Z0L.D,21,14,9,18,8,4,0,0
bound,1CX2.A,20,13,10,9,11,0,0,5
bound,3KRK.B,15,8,11,2,6,0,0,3
bound,3NT1.A,21,5,13,2,8,0,3,2
bound,4RUT.B,17,16,6,14,3,1,0,0
bound,3HS5.B,14,11,13,2,8,0,0,0
bound,3QMO.B,13,12,11,4,9,0,0,3
bound,3RR3.C,21,9,11,2,12,0,4,5
bound,1PXX.A,13,13,10,3,13,0,0,5
bound,3LN0.B,17,14,7,0,8,0,5,9
bound,1DDX.A,24,17,14,1,6,0,2,5
bound,5JVZ.B,22,13,12,3,9,0,2,0
bound,3OLU.B,24,14,11,10,6,1,1,4
bound,6BL4.C,22,11,7,2,4,0,5,0
bound,4RUT.A,11,15,9,14,5,1,2,0
bound,3QH0.A,13,13,7,3,13,0,1,2
bound,3PGH.C,15,10,12,1,6,0,2,7
bound,4OTJ.B,14,14,9,2,7,0,0,0
bound,4M11.A,14,9,9,24,3,1,1,0
bound,5JW1.B,28,16,11,3,7,5,0,0
bound,3Q7D.A,13,11,12,0,9,0,4,6
bound,4Z0L.A,21,13,7,21,5,7,2,0
bound,3HS7.B,19,9,9,0,8,0,0,4
bound,4OTJ.D,13,13,10,2,6,0,2,0
bound,3MQE.B,15,13,5,6,7,0,0,4
bound,6V3R.D,23,16,8,13,4,2,0,0
unbound,5JVY.A,25,14,11,10,0,24,1,2
bound,6BL4.B,22,10,9,2,4,0,9,0
bound,3HS6.B,14,12,7,14,4,4,0,6
bound,3LN1.C,14,10,6,3,9,0,2,3
bound,6COX.A,20,18,10,1,8,0,0,3
bound,3QH0.B,24,13,14,3,6,0,0,2
bound,4COX.A,20,16,10,1,11,0,5,6
bound,4FM5.B,15,13,11,3,6,0,5,2
bound,3RR3.B,19,12,11,3,6,0,2,5
bound,6COX.B,11,16,12,1,6,0,0,4
bound,3HS6.A,27,10,9,11,10,2,0,0
bound,4Z0L.C,15,18,9,15,2,4,0,0
bound,1CX2.B,19,10,11,2,9,0,0,8
bound,3RR3.A,14,12,11,3,7,0,4,3
bound,4M11.B,19,12,7,18,9,3,11,0
bound,6V3R.C,22,18,8,14,9,1,0,3
unbound,4RRY.A,16,10,13,1,12,0,5,0
bound,3NTG.A,21,21,6,3,6,0,0,0
bound,4RRZ.D,26,12,11,0,5,0,0,0
bound,6BL3.D,21,9,10,3,3,0,5,0
bound,4E1G.A,17,14,12,4,8,0,0,2
unbound,4RRY.D,19,5,9,4,4,0,0,0
bound,4RRZ.A,24,14,13,3,3,0,0,5
bound,1PXX.B,19,14,10,4,13,0,0,4
bound,3NTG.D,20,15,13,2,5,0,0,0
bound,6BL3.B,21,9,10,4,3,0,0,0
bound,3HS5.A,20,10,9,8,7,3,0,0
bound,4M10.A,20,11,11,15,8,3,0,0
bound,5FDQ.B,23,17,15,2,4,0,0,2
bound,1PXX.C,15,13,8,3,11,0,0,5
unbound,5COX.B,21,21,11,1,11,0,0,4
unbound,5COX.D,19,18,12,1,9,0,0,6
bound,4RRW.A,24,14,13,3,3,0,0,5
bound,3OLU.A,24,16,9,2,9,0,0,2
bound,3PGH.B,20,13,11,1,7,0,2,8
bound,4RRW.D,26,12,11,0,5,0,0,0
bound,4M11.D,21,9,9,17,6,4,0,0
bound,4PH9.A,18,12,12,2,14,0,2,2
bound,3OLT.A,20,13,8,14,4,4,0,3
bound,3NT1.B,23,8,13,0,7,0,2,3
bound,3MQE.C,27,14,6,9,4,0,2,0
bound,3LN0.A,14,15,8,0,8,0,7,6
bound,3Q7D.B,22,13,11,3,15,0,0,4
bound,4M11.C,16,13,9,19,3,4,0,4
bound,4OTJ.A,21,11,11,2,5,0,0,0
unbound,5COX.A,12,16,11,0,10,0,0,7
bound,6OFY.A,24,15,8,14,6,3,0,3
bound,4OTY.B,23,14,10,3,5,0,2,0
bound,3LN1.B,19,16,5,3,14,0,0,2
bound,6BL3.A,13,18,9,2,5,0,2,0
bound,4FM5.D,21,10,16,3,7,0,0,4
bound,3MDL.A,14,11,7,12,8,4,0,0
bound,3MQE.A,21,13,5,8,7,0,0,0
bound,3LN1.D,17,14,7,4,15,0,0,2
bound,3QMO.A,18,17,9,5,8,0,0,4
bound,1CVU.A,23,13,5,13,7,1,0,0
bound,3NTB.D,19,9,13,3,6,0,2,4
unbound,4RRY.C,22,4,12,2,4,0,1,2
bound,4E1G.B,26,16,12,3,4,0,1,3
bound,4OTY.A,25,8,11,0,9,0,0,0
bound,4M10.D,20,8,9,16,7,3,0,3
bound,6V3R.A,19,16,8,14,7,1,0,0
bound,3NTB.C,17,15,11,5,3,0,0,2
bound,3NTG.B,25,19,8,3,7,0,0,0
bound,3LN0.D,20,11,9,0,7,0,6,7
bound,4RRW.C,28,13,15,2,3,0,0,2
bound,4COX.B,18,17,9,2,8,0,5,7
bound,4M10.C,20,9,8,13,9,1,0,0
bound,3NTB.A,20,6,14,5,4,0,4,5
bound,1CVU.B,23,11,7,11,11,1,0,0
bound,3LN1.A,16,14,7,3,9,0,0,3
bound,4RRX.B,26,23,9,2,4,0,1,4
bound,4OTJ.C,20,18,7,3,5,0,5,0
bound,4M10.B,13,7,14,12,6,2,2,0