Type,Structure,Binding Site 000,Binding Site 001,Binding Site 002,Binding Site 003,Binding Site 004,Binding Site 005,Binding Site 006,Binding Site 007,Binding Site 008,Binding Site 009,Binding Site 010
bound,5UY9_A_modified,20,17,11,8,9,8,11,8,0,2,1
unbound,2ZQV_A_modified,23,23,12,13,7,7,12,4,0,1,2
unbound,7SUQ_A_modified,17,11,16,15,8,8,2,1,0,5,8
unbound,5VTK_A_modified,18,19,14,7,2,8,15,7,0,9,1
bound,1F8A_B_modified,19,18,14,11,6,3,9,6,0,2,0
bound,2ITK_A_modified,23,20,3,12,12,8,7,2,0,2,3
unbound,4U85_A_modified,22,22,3,23,9,7,2,1,0,1,3
bound,3NTP_A_modified,20,15,9,10,10,13,4,2,0,2,4
bound,3TC5_A_modified,20,19,13,14,8,6,3,0,0,1,0
bound,3TCZ_A_modified,21,19,8,15,11,6,6,2,0,2,1
unbound,5B3Z_A_modified,23,18,13,1,14,18,2,2,0,2,7
bound,2Q5A_A_modified,22,19,10,11,8,14,4,3,0,2,0
bound,3KAD_A_modified,22,20,0,15,6,5,11,5,0,3,1
bound,7F0M_C_modified,19,22,2,25,10,10,5,0,0,2,2
unbound,2ZQU_A_modified,9,13,15,11,2,11,11,7,0,3,1
bound,2ZR6_A_modified,16,21,10,12,9,9,4,0,0,2,2
unbound,6SVE_A_modified,25,19,16,10,8,7,0,0,0,4,0
bound,3KAI_A_modified,22,21,7,16,9,11,0,0,0,3,1
bound,2XPB_A_modified,21,19,10,14,8,8,6,0,0,4,1
bound,3KAB_A_modified,18,17,5,13,8,9,6,2,0,2,1
bound,7EFJ_A_modified,20,18,1,17,6,11,15,10,0,2,0
unbound,5B3Z_D_modified,27,23,12,7,12,15,3,1,0,3,2
bound,7F0M_A_modified,17,18,11,20,9,8,3,0,0,2,1
bound,3KAG_A_modified,23,20,4,17,7,0,14,3,0,2,0
bound,2XP7_A_modified,22,19,9,11,9,5,5,1,0,2,1
bound,2ZQT_A_modified,20,20,13,11,1,4,16,3,0,3,0
bound,2LB3_A_modified,8,16,18,9,5,15,0,7,9,2,10
bound,2XP6_A_modified,19,21,7,21,7,12,2,0,0,2,0
bound,2XP4_A_modified,22,21,6,20,10,8,7,3,0,3,0
unbound,7EFX_A_modified,20,17,9,17,5,11,6,3,0,2,0
bound,2ZR4_A_modified,23,24,10,11,1,0,17,5,0,10,0
bound,2ZQS_A_modified,22,24,16,17,1,6,14,0,0,3,0
bound,2XP9_A_modified,19,18,3,13,5,8,14,7,0,2,0
bound,3ODK_A_modified,16,17,2,14,8,9,5,0,0,1,5
bound,6VAJ_A_modified,17,19,26,8,2,2,15,4,0,10,0
unbound,5VTI_A_modified,27,20,25,2,8,18,0,0,0,3,1
bound,7EKV_A_modified,22,19,6,15,13,6,6,2,0,2,0
bound,7F0M_D_modified,19,21,6,24,11,9,5,1,0,1,1
unbound,2M8I_A_modified,19,24,16,5,1,10,3,2,0,4,2
bound,4U86_A_modified,19,17,12,14,8,0,5,1,0,1,0
bound,3TDB_A_modified,21,19,9,11,10,12,3,0,0,4,2
unbound,6SVC_A_modified,29,15,31,11,15,11,2,0,0,0,3
unbound,5B3Z_B_modified,26,21,8,0,14,17,4,0,1,2,5
unbound,1NMV_A_modified,14,21,3,11,13,15,5,1,0,0,3
bound,1I8H_B_modified,16,16,0,16,0,14,3,5,16,2,3
unbound,3KAF_A_modified,27,20,0,11,15,15,0,0,0,5,7
unbound,1I6C_A_modified,24,17,16,2,19,0,2,0,0,12,0
bound,1PIN_A_modified,16,20,10,12,1,3,16,4,0,2,0
bound,3OOB_A_modified,21,20,10,14,8,9,4,1,0,2,0
bound,2XPA_A_modified,16,22,3,21,10,12,3,2,0,1,1
bound,4GWV_A_modified,24,19,11,10,9,9,4,0,0,2,0
bound,1ZCN_A_modified,16,18,8,11,3,9,15,6,0,4,0
unbound,2M8J_A_modified,16,13,17,3,4,1,13,7,0,2,0
bound,2ZR5_A_modified,16,21,12,21,5,2,14,2,1,2,0
bound,3KAH_A_modified,25,20,10,18,10,9,9,8,0,3,0
bound,2XP3_A_modified,22,22,0,15,11,11,3,0,0,1,4
bound,2N1O_A_modified,17,22,16,19,15,18,0,0,0,15,3
unbound,6SVH_A_modified,15,10,17,9,10,12,4,1,0,0,9
bound,6O34_A_modified,23,24,12,7,3,2,16,8,0,7,0
unbound,7SUR_A_modified,23,13,19,10,11,9,5,0,0,0,0
bound,2XP5_A_modified,21,19,2,16,8,8,12,0,0,1,4
bound,1I8G_B_modified,11,10,16,5,5,11,16,16,4,2,0
unbound,4GWT_A_modified,23,21,12,11,9,12,10,3,0,3,0
unbound,5VTJ_A_modified,16,18,13,4,14,13,0,0,0,3,1
unbound,7SA5_A_modified,22,17,11,11,26,21,1,0,0,10,3
bound,3KCE_A_modified,22,20,8,18,11,8,0,0,0,3,5
bound,7F0M_B_modified,18,19,8,19,6,5,7,2,0,2,2
bound,2XP8_A_modified,17,17,14,14,11,9,7,6,0,3,5
unbound,2KCF_A_modified,22,18,11,11,13,16,13,6,0,12,15
bound,4QIB_A_modified,20,18,12,11,9,0,11,6,0,3,0
bound,4U84_A_modified,21,18,13,15,9,5,4,3,0,1,1
bound,2F21_A_modified,18,19,20,12,8,9,3,2,0,3,2
bound,3WH0_A_modified,18,18,9,11,6,9,8,4,0,4,0
unbound,6O33_A_modified,23,26,22,5,1,0,15,5,0,7,0