Type,Structure,Binding Site 000,Binding Site 001,Binding Site 002,Binding Site 003,Binding Site 004,Binding Site 005,Binding Site 006
bound,1CWD.L,4,15,28,13,0,1,5
unbound,1CWE.C,15,18,15,17,0,10,1
bound,1LKL.A,16,20,0,14,11,7,3
bound,1BHF.A,23,16,0,12,13,5,2
bound,1LCJ.A,26,23,0,14,5,7,0
bound,5MTM.A,16,17,0,14,11,0,1
bound,1FBZ.B,17,23,0,14,16,8,0
bound,1FBZ.A,19,18,0,11,10,3,12
bound,1IJR.A,16,17,0,16,4,11,1
bound,1LKK.A,16,17,0,13,10,3,1
unbound,1BHH.B,17,26,0,13,6,5,11
unbound,1BHH.A,29,21,0,8,12,3,5
unbound,1CWE.A,17,18,14,15,0,4,1